{
    "Objects": [
        {
            "name": "Land_Castle_Bergfrit",
            "pos": [
                866.2576904296875,
                174.1994171142578,
                5960.693359375
            ],
            "ypr": [
                -171.79440307617188,
                -0.0,
                -0.0
            ],
            "scale": 0.9999998807907105
        },
        {
            "name": "Land_Castle_Stairs",
            "pos": [
                871.8402709960938,
                164.3305206298828,
                5952.47607421875
            ],
            "ypr": [
                -79.27560424804688,
                -0.0,
                -0.0
            ],
            "scale": 0.9999972581863403
        }
    ]
}